datetime_local,FEM
2016-01-01 00:00:00,0.016153846153846154
2016-01-01 01:00:00,0.015384615384615385
2016-01-01 02:00:00,0.015307692307692309
2016-01-01 03:00:00,0.015222222222222224
2016-01-01 04:00:00,0.002
2016-01-01 05:00:00,0.016230769230769233
2016-01-01 06:00:00,0.015923076923076925
2016-01-01 07:00:00,0.01753846153846154
2016-01-01 08:00:00,0.023000000000000003
2016-01-01 09:00:00,0.029076923076923087
2016-01-01 10:00:00,0.03323076923076924
2016-01-01 11:00:00,0.03723076923076923
2016-01-01 12:00:00,0.03984615384615385
2016-01-01 13:00:00,0.04169230769230769
2016-01-01 14:00:00,0.04253846153846153
2016-01-01 15:00:00,0.04184615384615384
2016-01-01 16:00:00,0.037307692307692306
2016-01-01 17:00:00,0.025153846153846155
2016-01-01 18:00:00,0.018384615384615385
2016-01-01 19:00:00,0.014846153846153846
2016-01-01 20:00:00,0.012384615384615385
2016-01-01 21:00:00,0.011000000000000001
2016-01-01 22:00:00,0.011916666666666667
2016-01-01 23:00:00,0.012
2016-01-02 00:00:00,0.011692307692307693
2016-01-02 01:00:00,0.012416666666666666
2016-01-02 02:00:00,0.01223076923076923
2016-01-02 03:00:00,0.014222222222222223
2016-01-02 04:00:00,0.002
2016-01-02 05:00:00,0.012166666666666668
2016-01-02 06:00:00,0.012666666666666666
2016-01-02 07:00:00,0.010461538461538463
2016-01-02 08:00:00,0.015615384615384618
2016-01-02 09:00:00,0.019769230769230768
2016-01-02 10:00:00,0.024076923076923083
2016-01-02 11:00:00,0.02930769230769231
2016-01-02 12:00:00,0.03215384615384616
2016-01-02 13:00:00,0.033769230769230774
2016-01-02 14:00:00,0.033
2016-01-02 15:00:00,0.032461538461538465
2016-01-02 16:00:00,0.027000000000000003
2016-01-02 17:00:00,0.02007692307692308
2016-01-02 18:00:00,0.01053846153846154
2016-01-02 19:00:00,0.007076923076923077
2016-01-02 20:00:00,0.005538461538461538
2016-01-02 21:00:00,0.005
2016-01-02 22:00:00,0.005416666666666667
2016-01-02 23:00:00,0.003272727272727273
2016-01-03 00:00:00,0.005923076923076924
2016-01-03 01:00:00,0.006384615384615385
2016-01-03 02:00:00,0.00830769230769231
2016-01-03 03:00:00,0.0038750000000000004
2016-01-03 04:00:00,0.01
2016-01-03 05:00:00,0.007153846153846155
2016-01-03 06:00:00,0.006076923076923078
2016-01-03 07:00:00,0.005230769230769232
2016-01-03 08:00:00,0.007307692307692308
2016-01-03 09:00:00,0.014461538461538461
2016-01-03 10:00:00,0.023615384615384618
2016-01-03 11:00:00,0.03415384615384616
2016-01-03 12:00:00,0.03838461538461538
2016-01-03 13:00:00,0.04246153846153845
2016-01-03 14:00:00,0.044461538461538455
2016-01-03 15:00:00,0.04392307692307692
2016-01-03 16:00:00,0.04053846153846154
2016-01-03 17:00:00,0.03161538461538463
2016-01-03 18:00:00,0.020307692307692308
2016-01-03 19:00:00,0.013230769230769232
2016-01-03 20:00:00,0.01146153846153846
2016-01-03 21:00:00,0.011846153846153848
2016-01-03 22:00:00,0.011583333333333336
2016-01-03 23:00:00,0.009818181818181818
2016-01-04 00:00:00,0.008846153846153847
2016-01-04 01:00:00,0.008692307692307692
2016-01-04 02:00:00,0.010384615384615384
2016-01-04 03:00:00,0.0064285714285714285
2016-01-04 04:00:00,0.005
2016-01-04 05:00:00,0.0075
2016-01-04 06:00:00,0.008833333333333334
2016-01-04 07:00:00,0.006076923076923077
2016-01-04 08:00:00,0.006692307692307692
2016-01-04 09:00:00,0.015384615384615385
2016-01-04 10:00:00,0.02661538461538462
2016-01-04 11:00:00,0.032461538461538465
2016-01-04 12:00:00,0.035846153846153854
2016-01-04 13:00:00,0.03799999999999999
2016-01-04 14:00:00,0.03938461538461538
2016-01-04 15:00:00,0.038384615384615385
2016-01-04 16:00:00,0.03507692307692308
2016-01-04 17:00:00,0.03130769230769231
2016-01-04 18:00:00,0.029538461538461545
2016-01-04 19:00:00,0.022384615384615388
2016-01-04 20:00:00,0.013615384615384614
2016-01-04 21:00:00,0.009846153846153845
2016-01-04 22:00:00,0.006916666666666667
2016-01-04 23:00:00,0.004363636363636364
2016-01-05 00:00:00,0.004083333333333334
2016-01-05 01:00:00,0.0055000000000000005
2016-01-05 02:00:00,0.004
2016-01-05 03:00:00,0.016
2016-01-05 04:00:00,0.012
2016-01-05 05:00:00,0.005923076923076923
2016-01-05 06:00:00,0.009666666666666669
2016-01-05 07:00:00,0.012615384615384615
2016-01-05 08:00:00,0.01892307692307692
2016-01-05 09:00:00,0.02076923076923077
2016-01-05 10:00:00,0.02541666666666667
2016-01-05 11:00:00,0.024083333333333335
2016-01-05 12:00:00,0.024333333333333335
2016-01-05 13:00:00,0.02941666666666667
2016-01-05 14:00:00,0.03258333333333333
2016-01-05 15:00:00,0.033
2016-01-05 16:00:00,0.028538461538461537
2016-01-05 17:00:00,0.027076923076923075
2016-01-05 18:00:00,0.025538461538461545
2016-01-05 19:00:00,0.02376923076923077
2016-01-05 20:00:00,0.020230769230769233
2016-01-05 21:00:00,0.015692307692307693
2016-01-05 22:00:00,0.0145
2016-01-05 23:00:00,0.01672727272727273
2016-01-06 00:00:00,0.013307692307692307
2016-01-06 01:00:00,0.011846153846153847
2016-01-06 02:00:00,0.010307692307692308
2016-01-06 03:00:00,0.009428571428571427
2016-01-06 04:00:00,0.035
2016-01-06 05:00:00,0.007000000000000001
2016-01-06 06:00:00,0.00830769230769231
2016-01-06 07:00:00,0.009
2016-01-06 08:00:00,0.00976923076923077
2016-01-06 09:00:00,0.013500000000000003
2016-01-06 10:00:00,0.020307692307692308
2016-01-06 11:00:00,0.02591666666666667
2016-01-06 12:00:00,0.026250000000000006
2016-01-06 13:00:00,0.03230769230769231
2016-01-06 14:00:00,0.03207692307692308
2016-01-06 15:00:00,0.03266666666666667
2016-01-06 16:00:00,0.029333333333333336
2016-01-06 17:00:00,0.029916666666666675
2016-01-06 18:00:00,0.021083333333333332
2016-01-06 19:00:00,0.013583333333333336
2016-01-06 20:00:00,0.013000000000000003
2016-01-06 21:00:00,0.01475
2016-01-06 22:00:00,0.014090909090909093
2016-01-06 23:00:00,0.016800000000000002
2016-01-07 00:00:00,0.024000000000000004
2016-01-07 01:00:00,0.022166666666666668
2016-01-07 02:00:00,0.022666666666666665
2016-01-07 03:00:00,0.0235
2016-01-07 04:00:00,0.047
2016-01-07 05:00:00,0.022000000000000002
2016-01-07 06:00:00,0.022750000000000003
2016-01-07 07:00:00,0.011250000000000001
2016-01-07 08:00:00,0.0164
2016-01-07 09:00:00,0.028300000000000002
2016-01-07 10:00:00,0.0356
2016-01-07 11:00:00,0.0392
2016-01-07 12:00:00,0.040999999999999995
2016-01-07 13:00:00,0.03989999999999999
2016-01-07 14:00:00,0.0395
2016-01-07 15:00:00,0.03818181818181818
2016-01-07 16:00:00,0.034583333333333334
2016-01-07 17:00:00,0.030500000000000003
2016-01-07 18:00:00,0.027
2016-01-07 19:00:00,0.021916666666666668
2016-01-07 20:00:00,0.019416666666666665
2016-01-07 21:00:00,0.018000000000000002
2016-01-07 22:00:00,0.018909090909090907
2016-01-07 23:00:00,0.0235
2016-01-08 00:00:00,0.027000000000000007
2016-01-08 01:00:00,0.027500000000000007
2016-01-08 02:00:00,0.023250000000000003
2016-01-08 03:00:00,0.02275
2016-01-08 04:00:00,0.032
2016-01-08 05:00:00,0.010833333333333334
2016-01-08 06:00:00,0.009000000000000001
2016-01-08 07:00:00,0.0085
2016-01-08 08:00:00,0.014636363636363637
2016-01-08 09:00:00,0.018727272727272728
2016-01-08 10:00:00,0.023545454545454546
2016-01-08 11:00:00,0.029800000000000004
2016-01-08 12:00:00,0.03216666666666668
2016-01-08 13:00:00,0.035500000000000004
2016-01-08 14:00:00,0.037000000000000005
2016-01-08 15:00:00,0.03591666666666667
2016-01-08 16:00:00,0.03133333333333333
2016-01-08 17:00:00,0.024000000000000007
2016-01-08 18:00:00,0.015083333333333332
2016-01-08 19:00:00,0.008000000000000002
2016-01-08 20:00:00,0.005583333333333333
2016-01-08 21:00:00,0.004666666666666667
2016-01-08 22:00:00,0.005454545454545454
2016-01-08 23:00:00,0.005700000000000001
2016-01-09 00:00:00,0.004
2016-01-09 01:00:00,0.005333333333333335
2016-01-09 02:00:00,0.005250000000000001
2016-01-09 03:00:00,0.00725
2016-01-09 05:00:00,0.004727272727272728
2016-01-09 06:00:00,0.003545454545454546
2016-01-09 07:00:00,0.00390909090909091
2016-01-09 08:00:00,0.005750000000000001
2016-01-09 09:00:00,0.00975
2016-01-09 10:00:00,0.017416666666666667
2016-01-09 11:00:00,0.027000000000000007
2016-01-09 12:00:00,0.03108333333333334
2016-01-09 13:00:00,0.03333333333333334
2016-01-09 14:00:00,0.03316666666666667
2016-01-09 15:00:00,0.0335
2016-01-09 16:00:00,0.029916666666666675
2016-01-09 17:00:00,0.026166666666666668
2016-01-09 18:00:00,0.025166666666666667
2016-01-09 19:00:00,0.022916666666666665
2016-01-09 20:00:00,0.021833333333333333
2016-01-09 21:00:00,0.020833333333333332
2016-01-09 22:00:00,0.02009090909090909
2016-01-09 23:00:00,0.015500000000000003
2016-01-10 00:00:00,0.01633333333333333
2016-01-10 01:00:00,0.01933333333333333
2016-01-10 02:00:00,0.022250000000000002
2016-01-10 03:00:00,0.023125
2016-01-10 04:00:00,0.033
2016-01-10 05:00:00,0.017083333333333336
2016-01-10 06:00:00,0.013250000000000003
2016-01-10 07:00:00,0.008833333333333335
2016-01-10 08:00:00,0.011500000000000002
2016-01-10 09:00:00,0.0195
2016-01-10 10:00:00,0.026333333333333337
2016-01-10 11:00:00,0.03100000000000001
2016-01-10 12:00:00,0.035
2016-01-10 13:00:00,0.03641666666666666
2016-01-10 14:00:00,0.03608333333333333
2016-01-10 15:00:00,0.0345
2016-01-10 16:00:00,0.03200000000000001
2016-01-10 17:00:00,0.028750000000000008
2016-01-10 18:00:00,0.024916666666666667
2016-01-10 19:00:00,0.02125
2016-01-10 20:00:00,0.014499999999999999
2016-01-10 21:00:00,0.014
2016-01-10 22:00:00,0.007727272727272728
2016-01-10 23:00:00,0.0051
2016-01-11 00:00:00,0.007166666666666668
2016-01-11 01:00:00,0.007166666666666668
2016-01-11 02:00:00,0.007416666666666668
2016-01-11 03:00:00,0.007625000000000002
2016-01-11 04:00:00,0.003
2016-01-11 05:00:00,0.008
2016-01-11 06:00:00,0.005909090909090909
2016-01-11 07:00:00,0.006272727272727274
2016-01-11 08:00:00,0.008083333333333333
2016-01-11 09:00:00,0.015833333333333335
2016-01-11 10:00:00,0.02258333333333333
2016-01-11 11:00:00,0.027500000000000007
2016-01-11 12:00:00,0.027666666666666673
2016-01-11 13:00:00,0.03050000000000001
2016-01-11 14:00:00,0.032083333333333346
2016-01-11 15:00:00,0.030666666666666665
2016-01-11 16:00:00,0.02491666666666667
2016-01-11 17:00:00,0.017583333333333336
2016-01-11 18:00:00,0.012250000000000002
2016-01-11 19:00:00,0.010333333333333333
2016-01-11 20:00:00,0.012750000000000003
2016-01-11 21:00:00,0.014000000000000004
2016-01-11 22:00:00,0.012181818181818183
2016-01-11 23:00:00,0.015333333333333334
2016-01-12 00:00:00,0.011416666666666667
2016-01-12 01:00:00,0.011750000000000002
2016-01-12 02:00:00,0.013083333333333336
2016-01-12 03:00:00,0.001
2016-01-12 05:00:00,0.012727272727272726
2016-01-12 06:00:00,0.012818181818181819
2016-01-12 07:00:00,0.0103
2016-01-12 08:00:00,0.012727272727272728
2016-01-12 09:00:00,0.01972727272727273
2016-01-12 10:00:00,0.0228
2016-01-12 11:00:00,0.028909090909090916
2016-01-12 12:00:00,0.031000000000000007
2016-01-12 13:00:00,0.03336363636363637
2016-01-12 14:00:00,0.03383333333333333
2016-01-12 15:00:00,0.03230769230769231
2016-01-12 16:00:00,0.02561538461538462
2016-01-12 17:00:00,0.015000000000000003
2016-01-12 18:00:00,0.00946153846153846
2016-01-12 19:00:00,0.006461538461538463
2016-01-12 20:00:00,0.0073846153846153844
2016-01-12 21:00:00,0.004583333333333333
2016-01-12 22:00:00,0.0036666666666666666
2016-01-12 23:00:00,0.004090909090909092
2016-01-13 00:00:00,0.0036153846153846154
2016-01-13 01:00:00,0.004692307692307692
2016-01-13 02:00:00,0.004076923076923077
2016-01-13 03:00:00,0.006714285714285714
2016-01-13 05:00:00,0.003583333333333334
2016-01-13 06:00:00,0.0025
2016-01-13 07:00:00,0.0022500000000000003
2016-01-13 08:00:00,0.002583333333333333
2016-01-13 09:00:00,0.005750000000000001
2016-01-13 10:00:00,0.009846153846153846
2016-01-13 11:00:00,0.015000000000000003
2016-01-13 12:00:00,0.02376923076923077
2016-01-13 13:00:00,0.027153846153846157
2016-01-13 14:00:00,0.02823076923076924
2016-01-13 15:00:00,0.02538461538461539
2016-01-13 16:00:00,0.021461538461538462
2016-01-13 17:00:00,0.01607692307692308
2016-01-13 18:00:00,0.010384615384615384
2016-01-13 19:00:00,0.007230769230769231
2016-01-13 20:00:00,0.004846153846153846
2016-01-13 21:00:00,0.0038461538461538464
2016-01-13 22:00:00,0.0018333333333333337
2016-01-13 23:00:00,0.0016363636363636365
2016-01-14 00:00:00,0.0052307692307692315
2016-01-14 01:00:00,0.005384615384615385
2016-01-14 02:00:00,0.005461538461538462
2016-01-14 03:00:00,0.008166666666666668
2016-01-14 04:00:00,0.039
2016-01-14 05:00:00,0.005
2016-01-14 06:00:00,0.0052307692307692315
2016-01-14 07:00:00,0.0065000000000000014
2016-01-14 08:00:00,0.006666666666666667
2016-01-14 09:00:00,0.010846153846153847
2016-01-14 10:00:00,0.017384615384615387
2016-01-14 11:00:00,0.022923076923076928
2016-01-14 12:00:00,0.02661538461538462
2016-01-14 13:00:00,0.028916666666666674
2016-01-14 14:00:00,0.02833333333333334
2016-01-14 15:00:00,0.02761538461538462
2016-01-14 16:00:00,0.026230769230769238
2016-01-14 17:00:00,0.024461538461538465
2016-01-14 18:00:00,0.021615384615384613
2016-01-14 19:00:00,0.01576923076923077
2016-01-14 20:00:00,0.010846153846153847
2016-01-14 21:00:00,0.00776923076923077
2016-01-14 22:00:00,0.004166666666666666
2016-01-14 23:00:00,0.0023636363636363638
2016-01-15 00:00:00,0.0037692307692307695
2016-01-15 01:00:00,0.004307692307692308
2016-01-15 02:00:00,0.0047692307692307695
2016-01-15 03:00:00,0.006625000000000001
2016-01-15 04:00:00,0.032
2016-01-15 05:00:00,0.004307692307692308
2016-01-15 06:00:00,0.004153846153846155
2016-01-15 07:00:00,0.005076923076923077
2016-01-15 08:00:00,0.004923076923076923
2016-01-15 09:00:00,0.008833333333333334
2016-01-15 10:00:00,0.01916666666666667
2016-01-15 11:00:00,0.02308333333333334
2016-01-15 12:00:00,0.026000000000000006
2016-01-15 13:00:00,0.027307692307692314
2016-01-15 14:00:00,0.028846153846153855
2016-01-15 15:00:00,0.027538461538461543
2016-01-15 16:00:00,0.026230769230769238
2016-01-15 17:00:00,0.02230769230769231
2016-01-15 18:00:00,0.017384615384615384
2016-01-15 19:00:00,0.012923076923076924
2016-01-15 20:00:00,0.011307692307692309
2016-01-15 21:00:00,0.009846153846153846
2016-01-15 22:00:00,0.006333333333333334
2016-01-15 23:00:00,0.005454545454545456
2016-01-16 00:00:00,0.003916666666666668
2016-01-16 01:00:00,0.0047692307692307695
2016-01-16 02:00:00,0.005923076923076924
2016-01-16 03:00:00,0.008875000000000001
2016-01-16 04:00:00,0.017
2016-01-16 05:00:00,0.004307692307692308
2016-01-16 06:00:00,0.003
2016-01-16 07:00:00,0.0033076923076923075
2016-01-16 08:00:00,0.005923076923076924
2016-01-16 09:00:00,0.010307692307692308
2016-01-16 10:00:00,0.018692307692307696
2016-01-16 11:00:00,0.026923076923076925
2016-01-16 12:00:00,0.030076923076923077
2016-01-16 13:00:00,0.032538461538461544
2016-01-16 14:00:00,0.035076923076923075
2016-01-16 15:00:00,0.033615384615384616
2016-01-16 16:00:00,0.031384615384615386
2016-01-16 17:00:00,0.026384615384615392
2016-01-16 18:00:00,0.021692307692307695
2016-01-16 19:00:00,0.01607692307692308
2016-01-16 20:00:00,0.014384615384615385
2016-01-16 21:00:00,0.011000000000000001
2016-01-16 22:00:00,0.007416666666666668
2016-01-16 23:00:00,0.004181818181818182
2016-01-17 00:00:00,0.004615384615384616
2016-01-17 01:00:00,0.003923076923076924
2016-01-17 02:00:00,0.0037692307692307704
2016-01-17 03:00:00,0.00575
2016-01-17 04:00:00,0.004
2016-01-17 05:00:00,0.004
2016-01-17 06:00:00,0.004153846153846155
2016-01-17 07:00:00,0.00475
2016-01-17 08:00:00,0.008416666666666666
2016-01-17 09:00:00,0.01575
2016-01-17 10:00:00,0.02366666666666667
2016-01-17 11:00:00,0.02858333333333334
2016-01-17 12:00:00,0.03375
2016-01-17 13:00:00,0.039
2016-01-17 14:00:00,0.042
2016-01-17 15:00:00,0.04176923076923077
2016-01-17 16:00:00,0.037307692307692306
2016-01-17 17:00:00,0.031384615384615386
2016-01-17 18:00:00,0.02392307692307693
2016-01-17 19:00:00,0.017499999999999998
2016-01-17 20:00:00,0.009000000000000001
2016-01-17 21:00:00,0.00725
2016-01-17 22:00:00,0.00825
2016-01-17 23:00:00,0.007090909090909091
2016-01-18 00:00:00,0.009307692307692308
2016-01-18 01:00:00,0.008076923076923079
2016-01-18 02:00:00,0.006615384615384615
2016-01-18 03:00:00,0.012
2016-01-18 04:00:00,0.04
2016-01-18 05:00:00,0.008076923076923077
2016-01-18 06:00:00,0.00730769230769231
2016-01-18 07:00:00,0.005923076923076924
2016-01-18 08:00:00,0.007846153846153848
2016-01-18 09:00:00,0.011153846153846155
2016-01-18 10:00:00,0.013846153846153848
2016-01-18 11:00:00,0.017230769230769234
2016-01-18 12:00:00,0.019692307692307693
2016-01-18 13:00:00,0.021461538461538462
2016-01-18 14:00:00,0.021384615384615387
2016-01-18 15:00:00,0.020384615384615383
2016-01-18 16:00:00,0.018076923076923077
2016-01-18 17:00:00,0.015461538461538462
2016-01-18 18:00:00,0.014153846153846154
2016-01-18 19:00:00,0.015461538461538462
2016-01-18 20:00:00,0.014461538461538461
2016-01-18 21:00:00,0.01346153846153846
2016-01-18 22:00:00,0.010750000000000001
2016-01-18 23:00:00,0.010727272727272728
2016-01-19 00:00:00,0.01076923076923077
2016-01-19 01:00:00,0.010461538461538463
2016-01-19 02:00:00,0.008615384615384615
2016-01-19 03:00:00,0.011
2016-01-19 04:00:00,0.001
2016-01-19 05:00:00,0.0013333333333333333
2016-01-19 06:00:00,0.0030833333333333338
2016-01-19 07:00:00,0.003583333333333334
2016-01-19 08:00:00,0.00576923076923077
2016-01-19 09:00:00,0.009000000000000001
2016-01-19 10:00:00,0.011727272727272725
2016-01-19 11:00:00,0.011600000000000001
2016-01-19 12:00:00,0.014916666666666668
2016-01-19 13:00:00,0.01875
2016-01-19 14:00:00,0.018416666666666668
2016-01-19 15:00:00,0.01783333333333333
2016-01-19 16:00:00,0.01715384615384615
2016-01-19 17:00:00,0.014846153846153846
2016-01-19 18:00:00,0.012923076923076926
2016-01-19 19:00:00,0.012461538461538465
2016-01-19 20:00:00,0.011769230769230771
2016-01-19 21:00:00,0.009461538461538462
2016-01-19 22:00:00,0.006416666666666668
2016-01-19 23:00:00,0.004454545454545455
2016-01-20 00:00:00,0.008153846153846154
2016-01-20 01:00:00,0.00976923076923077
2016-01-20 02:00:00,0.009307692307692307
2016-01-20 03:00:00,0.0081
2016-01-20 04:00:00,0.013
2016-01-20 05:00:00,0.006692307692307693
2016-01-20 06:00:00,0.004615384615384617
2016-01-20 07:00:00,0.004615384615384617
2016-01-20 08:00:00,0.006461538461538462
2016-01-20 09:00:00,0.012769230769230772
2016-01-20 10:00:00,0.01753846153846154
2016-01-20 11:00:00,0.023230769230769235
2016-01-20 12:00:00,0.026500000000000006
2016-01-20 13:00:00,0.02692307692307693
2016-01-20 14:00:00,0.02776923076923077
2016-01-20 15:00:00,0.02669230769230769
2016-01-20 16:00:00,0.023153846153846157
2016-01-20 17:00:00,0.017538461538461537
2016-01-20 18:00:00,0.014615384615384617
2016-01-20 19:00:00,0.009692307692307693
2016-01-20 20:00:00,0.004923076923076923
2016-01-20 21:00:00,0.006076923076923077
2016-01-20 22:00:00,0.008
2016-01-20 23:00:00,0.007272727272727272
2016-01-21 00:00:00,0.008666666666666668
2016-01-21 01:00:00,0.007461538461538462
2016-01-21 02:00:00,0.006769230769230769
2016-01-21 03:00:00,0.0068000000000000005
2016-01-21 05:00:00,0.0072499999999999995
2016-01-21 06:00:00,0.006083333333333334
2016-01-21 07:00:00,0.005416666666666667
2016-01-21 08:00:00,0.00825
2016-01-21 09:00:00,0.009916666666666669
2016-01-21 10:00:00,0.017833333333333333
2016-01-21 11:00:00,0.024500000000000004
2016-01-21 12:00:00,0.03000000000000001
2016-01-21 13:00:00,0.033461538461538466
2016-01-21 14:00:00,0.03315384615384616
2016-01-21 15:00:00,0.029538461538461548
2016-01-21 16:00:00,0.021846153846153852
2016-01-21 17:00:00,0.011846153846153848
2016-01-21 18:00:00,0.007846153846153846
2016-01-21 19:00:00,0.00576923076923077
2016-01-21 20:00:00,0.007153846153846154
2016-01-21 21:00:00,0.007461538461538462
2016-01-21 22:00:00,0.007666666666666666
2016-01-21 23:00:00,0.009454545454545455
2016-01-22 00:00:00,0.008769230769230769
2016-01-22 01:00:00,0.008384615384615386
2016-01-22 02:00:00,0.008461538461538461
2016-01-22 03:00:00,0.006500000000000001
2016-01-22 04:00:00,0.0
2016-01-22 05:00:00,0.0042499999999999994
2016-01-22 06:00:00,0.0027500000000000003
2016-01-22 07:00:00,0.0026153846153846158
2016-01-22 08:00:00,0.004833333333333334
2016-01-22 09:00:00,0.007
2016-01-22 10:00:00,0.013583333333333334
2016-01-22 11:00:00,0.019083333333333334
2016-01-22 12:00:00,0.02441666666666667
2016-01-22 13:00:00,0.025333333333333336
2016-01-22 14:00:00,0.025833333333333337
2016-01-22 15:00:00,0.024692307692307694
2016-01-22 16:00:00,0.019769230769230768
2016-01-22 17:00:00,0.009153846153846155
2016-01-22 18:00:00,0.008333333333333333
2016-01-22 19:00:00,0.010916666666666667
2016-01-22 20:00:00,0.013249999999999998
2016-01-22 21:00:00,0.012416666666666668
2016-01-22 22:00:00,0.009333333333333334
2016-01-22 23:00:00,0.009272727272727273
2016-01-23 00:00:00,0.0065
2016-01-23 01:00:00,0.004461538461538462
2016-01-23 02:00:00,0.0035833333333333338
2016-01-23 03:00:00,0.0039
2016-01-23 05:00:00,0.0022500000000000003
2016-01-23 06:00:00,0.0020769230769230773
2016-01-23 07:00:00,0.0027500000000000003
2016-01-23 08:00:00,0.0026153846153846158
2016-01-23 09:00:00,0.005
2016-01-23 10:00:00,0.009538461538461539
2016-01-23 11:00:00,0.013153846153846155
2016-01-23 12:00:00,0.01675
2016-01-23 13:00:00,0.021416666666666667
2016-01-23 14:00:00,0.02391666666666667
2016-01-23 15:00:00,0.02641666666666667
2016-01-23 16:00:00,0.02715384615384616
2016-01-23 17:00:00,0.029384615384615394
2016-01-23 18:00:00,0.028615384615384615
2016-01-23 19:00:00,0.024769230769230773
2016-01-23 20:00:00,0.021692307692307698
2016-01-23 21:00:00,0.019384615384615386
2016-01-23 22:00:00,0.016083333333333335
2016-01-23 23:00:00,0.014727272727272728
2016-01-24 00:00:00,0.017769230769230773
2016-01-24 01:00:00,0.016846153846153848
2016-01-24 02:00:00,0.017692307692307695
2016-01-24 03:00:00,0.019000000000000003
2016-01-24 04:00:00,0.04
2016-01-24 05:00:00,0.017
2016-01-24 06:00:00,0.016692307692307694
2016-01-24 07:00:00,0.011692307692307695
2016-01-24 08:00:00,0.016
2016-01-24 09:00:00,0.025846153846153852
2016-01-24 10:00:00,0.03184615384615385
2016-01-24 11:00:00,0.03476923076923077
2016-01-24 12:00:00,0.038769230769230764
2016-01-24 13:00:00,0.04146153846153845
2016-01-24 14:00:00,0.04246153846153845
2016-01-24 15:00:00,0.04149999999999999
2016-01-24 16:00:00,0.037916666666666675
2016-01-24 17:00:00,0.032
2016-01-24 18:00:00,0.026769230769230767
2016-01-24 19:00:00,0.022615384615384617
2016-01-24 20:00:00,0.020846153846153848
2016-01-24 21:00:00,0.018000000000000002
2016-01-24 22:00:00,0.012166666666666668
2016-01-24 23:00:00,0.014454545454545454
2016-01-25 00:00:00,0.017461538461538466
2016-01-25 01:00:00,0.01730769230769231
2016-01-25 02:00:00,0.015230769230769233
2016-01-25 03:00:00,0.014222222222222223
2016-01-25 04:00:00,0.023
2016-01-25 05:00:00,0.010615384615384617
2016-01-25 06:00:00,0.009923076923076923
2016-01-25 07:00:00,0.009461538461538464
2016-01-25 08:00:00,0.014000000000000004
2016-01-25 09:00:00,0.020615384615384615
2016-01-25 10:00:00,0.025500000000000005
2016-01-25 11:00:00,0.031416666666666676
2016-01-25 12:00:00,0.03533333333333333
2016-01-25 13:00:00,0.03692307692307692
2016-01-25 14:00:00,0.03776923076923076
2016-01-25 15:00:00,0.03584615384615385
2016-01-25 16:00:00,0.03484615384615385
2016-01-25 17:00:00,0.028538461538461547
2016-01-25 18:00:00,0.021153846153846155
2016-01-25 19:00:00,0.016
2016-01-25 20:00:00,0.013615384615384614
2016-01-25 21:00:00,0.012538461538461542
2016-01-25 22:00:00,0.012583333333333335
2016-01-25 23:00:00,0.013272727272727275
2016-01-26 00:00:00,0.013538461538461543
2016-01-26 01:00:00,0.015230769230769233
2016-01-26 02:00:00,0.016384615384615386
2016-01-26 03:00:00,0.007
2016-01-26 04:00:00,0.014
2016-01-26 05:00:00,0.010846153846153847
2016-01-26 06:00:00,0.00853846153846154
2016-01-26 07:00:00,0.007923076923076923
2016-01-26 08:00:00,0.012615384615384619
2016-01-26 09:00:00,0.018846153846153846
2016-01-26 10:00:00,0.02516666666666667
2016-01-26 11:00:00,0.03083333333333334
2016-01-26 12:00:00,0.03425
2016-01-26 13:00:00,0.036
2016-01-26 14:00:00,0.03684615384615385
2016-01-26 15:00:00,0.03646153846153846
2016-01-26 16:00:00,0.03284615384615385
2016-01-26 17:00:00,0.025384615384615387
2016-01-26 18:00:00,0.018
2016-01-26 19:00:00,0.011923076923076925
2016-01-26 20:00:00,0.011615384615384618
2016-01-26 21:00:00,0.01076923076923077
2016-01-26 22:00:00,0.011166666666666667
2016-01-26 23:00:00,0.010818181818181817
2016-01-27 00:00:00,0.011076923076923078
2016-01-27 01:00:00,0.013230769230769232
2016-01-27 02:00:00,0.013153846153846153
2016-01-27 03:00:00,0.012
2016-01-27 04:00:00,0.003
2016-01-27 05:00:00,0.010153846153846154
2016-01-27 06:00:00,0.007846153846153848
2016-01-27 07:00:00,0.007461538461538463
2016-01-27 08:00:00,0.009692307692307693
2016-01-27 09:00:00,0.013153846153846157
2016-01-27 10:00:00,0.01653846153846154
2016-01-27 11:00:00,0.02069230769230769
2016-01-27 12:00:00,0.025
2016-01-27 13:00:00,0.02908333333333334
2016-01-27 14:00:00,0.03145454545454545
2016-01-27 15:00:00,0.027769230769230775
2016-01-27 16:00:00,0.022
2016-01-27 17:00:00,0.01684615384615385
2016-01-27 18:00:00,0.011230769230769232
2016-01-27 19:00:00,0.011384615384615385
2016-01-27 20:00:00,0.011461538461538464
2016-01-27 21:00:00,0.005769230769230769
2016-01-27 22:00:00,0.007416666666666669
2016-01-27 23:00:00,0.0072727272727272745
2016-01-28 00:00:00,0.0077692307692307705
2016-01-28 01:00:00,0.007461538461538462
2016-01-28 02:00:00,0.008692307692307694
2016-01-28 03:00:00,0.0064
2016-01-28 04:00:00,0.001
2016-01-28 05:00:00,0.007000000000000002
2016-01-28 06:00:00,0.005846153846153847
2016-01-28 07:00:00,0.006769230769230771
2016-01-28 08:00:00,0.00653846153846154
2016-01-28 09:00:00,0.01025
2016-01-28 10:00:00,0.015166666666666669
2016-01-28 11:00:00,0.021166666666666667
2016-01-28 12:00:00,0.02591666666666667
2016-01-28 13:00:00,0.02946153846153847
2016-01-28 14:00:00,0.03033333333333334
2016-01-28 15:00:00,0.026333333333333337
2016-01-28 16:00:00,0.02484615384615385
2016-01-28 17:00:00,0.02053846153846154
2016-01-28 18:00:00,0.014692307692307695
2016-01-28 19:00:00,0.009692307692307693
2016-01-28 20:00:00,0.007538461538461539
2016-01-28 21:00:00,0.005076923076923077
2016-01-28 22:00:00,0.0045000000000000005
2016-01-28 23:00:00,0.005833333333333334
2016-01-29 00:00:00,0.00623076923076923
2016-01-29 01:00:00,0.007538461538461539
2016-01-29 02:00:00,0.007692307692307693
2016-01-29 03:00:00,0.007000000000000001
2016-01-29 04:00:00,0.041
2016-01-29 05:00:00,0.005
2016-01-29 06:00:00,0.005
2016-01-29 07:00:00,0.0052307692307692315
2016-01-29 08:00:00,0.009000000000000001
2016-01-29 09:00:00,0.0145
2016-01-29 10:00:00,0.02090909090909091
2016-01-29 11:00:00,0.027090909090909096
2016-01-29 12:00:00,0.02827272727272728
2016-01-29 13:00:00,0.026333333333333337
2016-01-29 14:00:00,0.026083333333333337
2016-01-29 15:00:00,0.024833333333333336
2016-01-29 16:00:00,0.024461538461538465
2016-01-29 17:00:00,0.020230769230769233
2016-01-29 18:00:00,0.01453846153846154
2016-01-29 19:00:00,0.01
2016-01-29 20:00:00,0.008538461538461538
2016-01-29 21:00:00,0.005615384615384615
2016-01-29 22:00:00,0.0033333333333333335
2016-01-29 23:00:00,0.006833333333333334
2016-01-30 00:00:00,0.005307692307692308
2016-01-30 01:00:00,0.005307692307692308
2016-01-30 02:00:00,0.005
2016-01-30 03:00:00,0.005599999999999999
2016-01-30 04:00:00,0.032
2016-01-30 05:00:00,0.0042307692307692315
2016-01-30 06:00:00,0.0038461538461538464
2016-01-30 07:00:00,0.005000000000000001
2016-01-30 08:00:00,0.009384615384615385
2016-01-30 09:00:00,0.013461538461538462
2016-01-30 10:00:00,0.021153846153846155
2016-01-30 11:00:00,0.025769230769230773
2016-01-30 12:00:00,0.028307692307692308
2016-01-30 13:00:00,0.028
2016-01-30 14:00:00,0.027846153846153854
2016-01-30 15:00:00,0.026461538461538463
2016-01-30 16:00:00,0.02515384615384616
2016-01-30 17:00:00,0.022692307692307692
2016-01-30 18:00:00,0.023615384615384618
2016-01-30 19:00:00,0.023615384615384618
2016-01-30 20:00:00,0.02461538461538462
2016-01-30 21:00:00,0.02692307692307692
2016-01-30 22:00:00,0.026500000000000006
2016-01-30 23:00:00,0.027454545454545457
2016-01-31 00:00:00,0.029923076923076924
2016-01-31 01:00:00,0.02992307692307692
2016-01-31 02:00:00,0.03030769230769231
2016-01-31 03:00:00,0.03144444444444445
2016-01-31 04:00:00,0.036
2016-01-31 05:00:00,0.03469230769230769
2016-01-31 06:00:00,0.03300000000000001
2016-01-31 07:00:00,0.031384615384615386
2016-01-31 08:00:00,0.034
2016-01-31 09:00:00,0.03325000000000001
2016-01-31 10:00:00,0.03283333333333333
2016-01-31 11:00:00,0.03283333333333333
2016-01-31 12:00:00,0.03391666666666667
2016-01-31 13:00:00,0.03516666666666667
2016-01-31 14:00:00,0.0375
2016-01-31 15:00:00,0.036333333333333336
2016-01-31 16:00:00,0.03341666666666667
2016-01-31 17:00:00,0.031166666666666665
2016-01-31 18:00:00,0.030076923076923077
2016-01-31 19:00:00,0.03153846153846154
2016-01-31 20:00:00,0.03323076923076924
2016-01-31 21:00:00,0.03423076923076924
2016-01-31 22:00:00,0.034083333333333334
2016-01-31 23:00:00,0.03341666666666666
2016-02-01 00:00:00,0.03553846153846153
2016-02-01 01:00:00,0.03623076923076923
2016-02-01 02:00:00,0.03538461538461538
2016-02-01 03:00:00,0.03470000000000001
2016-02-01 04:00:00,0.035
2016-02-01 05:00:00,0.022615384615384617
2016-02-01 06:00:00,0.01653846153846154
2016-02-01 07:00:00,0.019230769230769232
2016-02-01 08:00:00,0.029615384615384623
2016-02-01 09:00:00,0.032538461538461544
2016-02-01 10:00:00,0.03584615384615385
2016-02-01 11:00:00,0.03746153846153845
2016-02-01 12:00:00,0.03823076923076923
2016-02-01 13:00:00,0.03884615384615385
2016-02-01 14:00:00,0.039384615384615386
2016-02-01 15:00:00,0.039461538461538465
2016-02-01 16:00:00,0.03823076923076923
2016-02-01 17:00:00,0.03592307692307692
2016-02-01 18:00:00,0.03546153846153846
2016-02-01 19:00:00,0.03392307692307692
2016-02-01 20:00:00,0.03292307692307693
2016-02-01 21:00:00,0.028769230769230773
2016-02-01 22:00:00,0.024500000000000004
2016-02-01 23:00:00,0.022818181818181817
2016-02-02 00:00:00,0.01730769230769231
2016-02-02 01:00:00,0.01723076923076923
2016-02-02 02:00:00,0.01661538461538462
2016-02-02 03:00:00,0.024
2016-02-02 04:00:00,0.008
2016-02-02 05:00:00,0.010923076923076923
2016-02-02 06:00:00,0.005923076923076924
2016-02-02 07:00:00,0.006153846153846155
2016-02-02 08:00:00,0.011615384615384618
2016-02-02 09:00:00,0.018384615384615385
2016-02-02 10:00:00,0.02491666666666667
2016-02-02 11:00:00,0.027181818181818185
2016-02-02 12:00:00,0.03045454545454546
2016-02-02 13:00:00,0.03345454545454545
2016-02-02 14:00:00,0.03441666666666666
2016-02-02 15:00:00,0.035538461538461526
2016-02-02 16:00:00,0.03438461538461538
2016-02-02 17:00:00,0.030076923076923077
2016-02-02 18:00:00,0.019230769230769232
2016-02-02 19:00:00,0.012615384615384613
2016-02-02 20:00:00,0.007846153846153846
2016-02-02 21:00:00,0.008692307692307692
2016-02-02 22:00:00,0.0105
2016-02-02 23:00:00,0.011250000000000001
2016-02-03 00:00:00,0.012384615384615385
2016-02-03 01:00:00,0.01053846153846154
2016-02-03 02:00:00,0.010461538461538463
2016-02-03 03:00:00,0.00875
2016-02-03 04:00:00,0.004
2016-02-03 05:00:00,0.007153846153846154
2016-02-03 06:00:00,0.006076923076923077
2016-02-03 07:00:00,0.007000000000000001
2016-02-03 08:00:00,0.011230769230769232
2016-02-03 09:00:00,0.01991666666666667
2016-02-03 10:00:00,0.026666666666666672
2016-02-03 11:00:00,0.03241666666666667
2016-02-03 12:00:00,0.035083333333333334
2016-02-03 13:00:00,0.036307692307692305
2016-02-03 14:00:00,0.03415384615384615
2016-02-03 15:00:00,0.03569230769230769
2016-02-03 16:00:00,0.03307692307692308
2016-02-03 17:00:00,0.026615384615384617
2016-02-03 18:00:00,0.02430769230769231
2016-02-03 19:00:00,0.020615384615384615
2016-02-03 20:00:00,0.014000000000000002
2016-02-03 21:00:00,0.008846153846153846
2016-02-03 22:00:00,0.006916666666666668
2016-02-03 23:00:00,0.006
2016-02-04 00:00:00,0.006153846153846155
2016-02-04 01:00:00,0.0063076923076923076
2016-02-04 02:00:00,0.006923076923076924
2016-02-04 03:00:00,0.006900000000000001
2016-02-04 04:00:00,0.0
2016-02-04 05:00:00,0.006538461538461539
2016-02-04 06:00:00,0.005384615384615385
2016-02-04 07:00:00,0.006692307692307693
2016-02-04 08:00:00,0.014153846153846154
2016-02-04 09:00:00,0.021272727272727276
2016-02-04 10:00:00,0.025090909090909094
2016-02-04 11:00:00,0.03100000000000001
2016-02-04 12:00:00,0.03341666666666667
2016-02-04 13:00:00,0.035250000000000004
2016-02-04 14:00:00,0.037153846153846155
2016-02-04 15:00:00,0.036538461538461534
2016-02-04 16:00:00,0.033461538461538466
2016-02-04 17:00:00,0.026538461538461542
2016-02-04 18:00:00,0.019307692307692307
2016-02-04 19:00:00,0.016692307692307694
2016-02-04 20:00:00,0.014846153846153851
2016-02-04 21:00:00,0.013846153846153848
2016-02-04 22:00:00,0.013833333333333335
2016-02-04 23:00:00,0.011500000000000002
2016-02-05 00:00:00,0.01276923076923077
2016-02-05 01:00:00,0.014461538461538463
2016-02-05 02:00:00,0.014076923076923079
2016-02-05 03:00:00,0.0123
2016-02-05 04:00:00,0.005
2016-02-05 05:00:00,0.012230769230769233
2016-02-05 06:00:00,0.011153846153846155
2016-02-05 07:00:00,0.007500000000000001
2016-02-05 08:00:00,0.013583333333333336
2016-02-05 09:00:00,0.020333333333333335
2016-02-05 10:00:00,0.0265
2016-02-05 11:00:00,0.033083333333333347
2016-02-05 12:00:00,0.036500000000000005
2016-02-05 13:00:00,0.03900000000000001
2016-02-05 14:00:00,0.039333333333333324
2016-02-05 15:00:00,0.03918181818181818
2016-02-05 16:00:00,0.03591666666666666
2016-02-05 17:00:00,0.0256923076923077
2016-02-05 18:00:00,0.018153846153846152
2016-02-05 19:00:00,0.01846153846153846
2016-02-05 20:00:00,0.019769230769230765
2016-02-05 21:00:00,0.016769230769230772
2016-02-05 22:00:00,0.01675
2016-02-05 23:00:00,0.01391666666666667
2016-02-06 00:00:00,0.015692307692307696
2016-02-06 01:00:00,0.01530769230769231
2016-02-06 02:00:00,0.016307692307692308
2016-02-06 03:00:00,0.015300000000000003
2016-02-06 04:00:00,0.001
2016-02-06 05:00:00,0.016230769230769233
2016-02-06 06:00:00,0.014615384615384615
2016-02-06 07:00:00,0.01576923076923077
2016-02-06 08:00:00,0.021384615384615387
2016-02-06 09:00:00,0.0266923076923077
2016-02-06 10:00:00,0.033692307692307695
2016-02-06 11:00:00,0.03792307692307692
2016-02-06 12:00:00,0.04161538461538461
2016-02-06 13:00:00,0.044230769230769226
2016-02-06 14:00:00,0.04584615384615384
2016-02-06 15:00:00,0.04576923076923077
2016-02-06 16:00:00,0.04292307692307692
2016-02-06 17:00:00,0.03461538461538462
2016-02-06 18:00:00,0.02523076923076923
2016-02-06 19:00:00,0.019923076923076925
2016-02-06 20:00:00,0.020307692307692308
2016-02-06 21:00:00,0.019153846153846153
2016-02-06 22:00:00,0.01791666666666667
2016-02-06 23:00:00,0.015818181818181818
2016-02-07 00:00:00,0.015000000000000003
2016-02-07 01:00:00,0.016307692307692308
2016-02-07 02:00:00,0.01661538461538462
2016-02-07 03:00:00,0.015600000000000003
2016-02-07 04:00:00,0.009
2016-02-07 05:00:00,0.01607692307692308
2016-02-07 06:00:00,0.014230769230769233
2016-02-07 07:00:00,0.016153846153846154
2016-02-07 08:00:00,0.02284615384615385
2016-02-07 09:00:00,0.02930769230769231
2016-02-07 10:00:00,0.0356923076923077
2016-02-07 11:00:00,0.04115384615384616
2016-02-07 12:00:00,0.046
2016-02-07 13:00:00,0.04938461538461539
2016-02-07 14:00:00,0.05253846153846155
2016-02-07 15:00:00,0.05223076923076924
2016-02-07 16:00:00,0.049538461538461545
2016-02-07 17:00:00,0.039384615384615386
2016-02-07 18:00:00,0.027769230769230765
2016-02-07 19:00:00,0.023538461538461532
2016-02-07 20:00:00,0.021615384615384616
2016-02-07 21:00:00,0.020307692307692304
2016-02-07 22:00:00,0.017583333333333336
2016-02-07 23:00:00,0.016416666666666666
2016-02-08 00:00:00,0.017769230769230773
2016-02-08 01:00:00,0.017923076923076924
2016-02-08 02:00:00,0.017692307692307695
2016-02-08 03:00:00,0.016400000000000005
2016-02-08 04:00:00,0.01
2016-02-08 05:00:00,0.013769230769230768
2016-02-08 06:00:00,0.012923076923076924
2016-02-08 07:00:00,0.010384615384615384
2016-02-08 08:00:00,0.014153846153846154
2016-02-08 09:00:00,0.021230769230769234
2016-02-08 10:00:00,0.031461538461538464
2016-02-08 11:00:00,0.03676923076923077
2016-02-08 12:00:00,0.04007692307692308
2016-02-08 13:00:00,0.04269230769230769
2016-02-08 14:00:00,0.04392307692307692
2016-02-08 15:00:00,0.04369230769230769
2016-02-08 16:00:00,0.03892307692307692
2016-02-08 17:00:00,0.028538461538461537
2016-02-08 18:00:00,0.02007692307692308
2016-02-08 19:00:00,0.019846153846153847
2016-02-08 20:00:00,0.019384615384615386
2016-02-08 21:00:00,0.016615384615384615
2016-02-08 22:00:00,0.012166666666666668
2016-02-08 23:00:00,0.008333333333333335
2016-02-09 00:00:00,0.010538461538461542
2016-02-09 01:00:00,0.010461538461538463
2016-02-09 02:00:00,0.01076923076923077
2016-02-09 03:00:00,0.016
2016-02-09 04:00:00,0.007
2016-02-09 05:00:00,0.009230769230769232
2016-02-09 06:00:00,0.007461538461538462
2016-02-09 07:00:00,0.007923076923076923
2016-02-09 08:00:00,0.01176923076923077
2016-02-09 09:00:00,0.021
2016-02-09 10:00:00,0.026000000000000002
2016-02-09 11:00:00,0.03283333333333333
2016-02-09 12:00:00,0.0375
2016-02-09 13:00:00,0.04109090909090908
2016-02-09 14:00:00,0.04369230769230769
2016-02-09 15:00:00,0.040999999999999995
2016-02-09 16:00:00,0.036
2016-02-09 17:00:00,0.024538461538461544
2016-02-09 18:00:00,0.013307692307692309
2016-02-09 19:00:00,0.012384615384615386
2016-02-09 20:00:00,0.014923076923076924
2016-02-09 21:00:00,0.012076923076923079
2016-02-09 22:00:00,0.009000000000000001
2016-02-09 23:00:00,0.007833333333333333
2016-02-10 00:00:00,0.012000000000000002
2016-02-10 01:00:00,0.012923076923076926
2016-02-10 02:00:00,0.01284615384615385
2016-02-10 03:00:00,0.00911111111111111
2016-02-10 04:00:00,0.002
2016-02-10 05:00:00,0.009615384615384618
2016-02-10 06:00:00,0.0073076923076923084
2016-02-10 07:00:00,0.007846153846153846
2016-02-10 08:00:00,0.011230769230769232
2016-02-10 09:00:00,0.016923076923076923
2016-02-10 10:00:00,0.023333333333333334
2016-02-10 11:00:00,0.030700000000000005
2016-02-10 12:00:00,0.036000000000000004
2016-02-10 13:00:00,0.03883333333333333
2016-02-10 14:00:00,0.04083333333333333
2016-02-10 15:00:00,0.03953846153846153
2016-02-10 16:00:00,0.03446153846153846
2016-02-10 17:00:00,0.024076923076923083
2016-02-10 18:00:00,0.013923076923076925
2016-02-10 19:00:00,0.006923076923076924
2016-02-10 20:00:00,0.004076923076923077
2016-02-10 21:00:00,0.005923076923076924
2016-02-10 22:00:00,0.0071666666666666675
2016-02-10 23:00:00,0.006916666666666668
2016-02-11 00:00:00,0.009230769230769232
2016-02-11 01:00:00,0.010615384615384619
2016-02-11 02:00:00,0.012
2016-02-11 03:00:00,0.011555555555555557
2016-02-11 04:00:00,0.008
2016-02-11 05:00:00,0.007846153846153846
2016-02-11 06:00:00,0.008461538461538463
2016-02-11 07:00:00,0.007846153846153848
2016-02-11 08:00:00,0.011000000000000001
2016-02-11 09:00:00,0.01876923076923077
2016-02-11 10:00:00,0.024833333333333336
2016-02-11 11:00:00,0.03025000000000001
2016-02-11 12:00:00,0.03691666666666666
2016-02-11 13:00:00,0.041666666666666664
2016-02-11 14:00:00,0.043416666666666666
2016-02-11 15:00:00,0.04338461538461539
2016-02-11 16:00:00,0.04092307692307692
2016-02-11 17:00:00,0.031769230769230765
2016-02-11 18:00:00,0.019615384615384614
2016-02-11 19:00:00,0.011500000000000002
2016-02-11 20:00:00,0.007538461538461539
2016-02-11 21:00:00,0.0063076923076923076
2016-02-11 22:00:00,0.007416666666666668
2016-02-11 23:00:00,0.006416666666666668
2016-02-12 00:00:00,0.008230769230769232
2016-02-12 01:00:00,0.0063076923076923076
2016-02-12 02:00:00,0.007
2016-02-12 03:00:00,0.008111111111111112
2016-02-12 04:00:00,0.001
2016-02-12 05:00:00,0.0068461538461538456
2016-02-12 06:00:00,0.004692307692307692
2016-02-12 07:00:00,0.005615384615384616
2016-02-12 08:00:00,0.008666666666666666
2016-02-12 09:00:00,0.01466666666666667
2016-02-12 10:00:00,0.024692307692307697
2016-02-12 11:00:00,0.03415384615384616
2016-02-12 12:00:00,0.04138461538461538
2016-02-12 13:00:00,0.0486923076923077
2016-02-12 14:00:00,0.05100000000000001
2016-02-12 15:00:00,0.05316666666666667
2016-02-12 16:00:00,0.05241666666666667
2016-02-12 17:00:00,0.041833333333333333
2016-02-12 18:00:00,0.029833333333333337
2016-02-12 19:00:00,0.02153846153846154
2016-02-12 20:00:00,0.01430769230769231
2016-02-12 21:00:00,0.010230769230769234
2016-02-12 22:00:00,0.009333333333333334
2016-02-12 23:00:00,0.006090909090909091
2016-02-13 00:00:00,0.007923076923076923
2016-02-13 01:00:00,0.008083333333333333
2016-02-13 02:00:00,0.008749999999999999
2016-02-13 03:00:00,0.0105
2016-02-13 04:00:00,0.005
2016-02-13 05:00:00,0.0072499999999999995
2016-02-13 06:00:00,0.005750000000000001
2016-02-13 07:00:00,0.006076923076923078
2016-02-13 08:00:00,0.010692307692307694
2016-02-13 09:00:00,0.017692307692307695
2016-02-13 10:00:00,0.02761538461538462
2016-02-13 11:00:00,0.03784615384615385
2016-02-13 12:00:00,0.04861538461538462
2016-02-13 13:00:00,0.05415384615384617
2016-02-13 14:00:00,0.06030769230769232
2016-02-13 15:00:00,0.06392307692307692
2016-02-13 16:00:00,0.060769230769230784
2016-02-13 17:00:00,0.055076923076923086
2016-02-13 18:00:00,0.03958333333333334
2016-02-13 19:00:00,0.031076923076923082
2016-02-13 20:00:00,0.02453846153846154
2016-02-13 21:00:00,0.019307692307692307
2016-02-13 22:00:00,0.015333333333333336
2016-02-13 23:00:00,0.012363636363636365
2016-02-14 00:00:00,0.011000000000000001
2016-02-14 01:00:00,0.011769230769230766
2016-02-14 02:00:00,0.012538461538461538
2016-02-14 03:00:00,0.016222222222222225
2016-02-14 04:00:00,0.006999999999999999
2016-02-14 05:00:00,0.00976923076923077
2016-02-14 06:00:00,0.010384615384615384
2016-02-14 07:00:00,0.010615384615384617
2016-02-14 08:00:00,0.01723076923076923
2016-02-14 09:00:00,0.024461538461538465
2016-02-14 10:00:00,0.03430769230769231
2016-02-14 11:00:00,0.04246153846153845
2016-02-14 12:00:00,0.04876923076923077
2016-02-14 13:00:00,0.0546923076923077
2016-02-14 14:00:00,0.05723076923076923
2016-02-14 15:00:00,0.05761538461538461
2016-02-14 16:00:00,0.05230769230769232
2016-02-14 17:00:00,0.044000000000000004
2016-02-14 18:00:00,0.032499999999999994
2016-02-14 19:00:00,0.02184615384615385
2016-02-14 20:00:00,0.016230769230769236
2016-02-14 21:00:00,0.012692307692307695
2016-02-14 22:00:00,0.0135
2016-02-14 23:00:00,0.014090909090909091
2016-02-15 00:00:00,0.013666666666666667
2016-02-15 01:00:00,0.014833333333333336
2016-02-15 02:00:00,0.015083333333333336
2016-02-15 03:00:00,0.010875000000000003
2016-02-15 04:00:00,0.004
2016-02-15 05:00:00,0.011461538461538464
2016-02-15 06:00:00,0.012153846153846154
2016-02-15 07:00:00,0.011615384615384618
2016-02-15 08:00:00,0.014153846153846156
2016-02-15 09:00:00,0.02184615384615385
2016-02-15 10:00:00,0.031000000000000007
2016-02-15 11:00:00,0.037153846153846155
2016-02-15 12:00:00,0.040999999999999995
2016-02-15 13:00:00,0.04461538461538461
2016-02-15 14:00:00,0.04707692307692308
2016-02-15 15:00:00,0.04776923076923077
2016-02-15 16:00:00,0.044307692307692305
2016-02-15 17:00:00,0.035083333333333334
2016-02-15 18:00:00,0.025833333333333333
2016-02-15 19:00:00,0.018615384615384617
2016-02-15 20:00:00,0.014538461538461537
2016-02-15 21:00:00,0.01176923076923077
2016-02-15 22:00:00,0.011333333333333334
2016-02-15 23:00:00,0.01
2016-02-16 00:00:00,0.010846153846153847
2016-02-16 01:00:00,0.011692307692307695
2016-02-16 02:00:00,0.011692307692307695
2016-02-16 03:00:00,0.007
2016-02-16 04:00:00,0.003
2016-02-16 05:00:00,0.008846153846153847
2016-02-16 06:00:00,0.00876923076923077
2016-02-16 07:00:00,0.007461538461538463
2016-02-16 08:00:00,0.012333333333333335
2016-02-16 09:00:00,0.018583333333333337
2016-02-16 10:00:00,0.028500000000000004
2016-02-16 11:00:00,0.0374
2016-02-16 12:00:00,0.044909090909090905
2016-02-16 13:00:00,0.05136363636363636
2016-02-16 14:00:00,0.052099999999999994
2016-02-16 15:00:00,0.052090909090909084
2016-02-16 16:00:00,0.05223076923076923
2016-02-16 17:00:00,0.0423076923076923
2016-02-16 18:00:00,0.03276923076923077
2016-02-16 19:00:00,0.025230769230769237
2016-02-16 20:00:00,0.017461538461538466
2016-02-16 21:00:00,0.011000000000000001
2016-02-16 22:00:00,0.011000000000000003
2016-02-16 23:00:00,0.009083333333333334
2016-02-17 00:00:00,0.00976923076923077
2016-02-17 01:00:00,0.010692307692307692
2016-02-17 02:00:00,0.009692307692307691
2016-02-17 03:00:00,0.008444444444444445
2016-02-17 04:00:00,0.007
2016-02-17 05:00:00,0.005923076923076924
2016-02-17 06:00:00,0.006461538461538463
2016-02-17 07:00:00,0.007769230769230772
2016-02-17 08:00:00,0.012923076923076926
2016-02-17 09:00:00,0.02366666666666667
2016-02-17 10:00:00,0.033166666666666664
2016-02-17 11:00:00,0.041545454545454545
2016-02-17 12:00:00,0.04349999999999999
2016-02-17 13:00:00,0.04391666666666666
2016-02-17 14:00:00,0.03723076923076922
2016-02-17 15:00:00,0.030666666666666665
2016-02-17 16:00:00,0.025230769230769237
2016-02-17 17:00:00,0.023461538461538464
2016-02-17 18:00:00,0.027615384615384618
2016-02-17 19:00:00,0.028769230769230776
2016-02-17 20:00:00,0.03023076923076924
2016-02-17 21:00:00,0.030923076923076935
2016-02-17 22:00:00,0.032083333333333346
2016-02-17 23:00:00,0.03000000000000001
2016-02-18 00:00:00,0.028769230769230776
2016-02-18 01:00:00,0.028615384615384622
2016-02-18 02:00:00,0.026769230769230774
2016-02-18 03:00:00,0.027555555555555555
2016-02-18 04:00:00,0.033
2016-02-18 05:00:00,0.02284615384615385
2016-02-18 06:00:00,0.02046153846153846
2016-02-18 07:00:00,0.02007692307692308
2016-02-18 08:00:00,0.025076923076923083
2016-02-18 09:00:00,0.027307692307692314
2016-02-18 10:00:00,0.030166666666666665
2016-02-18 11:00:00,0.03576923076923077
2016-02-18 12:00:00,0.03875
2016-02-18 13:00:00,0.04246153846153845
2016-02-18 14:00:00,0.04246153846153845
2016-02-18 15:00:00,0.041999999999999996
2016-02-18 16:00:00,0.038923076923076914
2016-02-18 17:00:00,0.03392307692307693
2016-02-18 18:00:00,0.028384615384615383
2016-02-18 19:00:00,0.02230769230769231
2016-02-18 20:00:00,0.017153846153846155
2016-02-18 21:00:00,0.014384615384615385
2016-02-18 22:00:00,0.009666666666666667
2016-02-18 23:00:00,0.006416666666666667
2016-02-19 00:00:00,0.005153846153846154
2016-02-19 01:00:00,0.005
2016-02-19 02:00:00,0.003307692307692308
2016-02-19 03:00:00,0.0023333333333333335
2016-02-19 04:00:00,0.001
2016-02-19 05:00:00,0.0023846153846153848
2016-02-19 06:00:00,0.0019230769230769232
2016-02-19 07:00:00,0.0033846153846153857
2016-02-19 08:00:00,0.009153846153846155
2016-02-19 09:00:00,0.01823076923076923
2016-02-19 10:00:00,0.02815384615384616
2016-02-19 11:00:00,0.033846153846153845
2016-02-19 12:00:00,0.038461538461538464
2016-02-19 13:00:00,0.04084615384615384
2016-02-19 14:00:00,0.04330769230769231
2016-02-19 15:00:00,0.04361538461538461
2016-02-19 16:00:00,0.041692307692307695
2016-02-19 17:00:00,0.037
2016-02-19 18:00:00,0.03023076923076923
2016-02-19 19:00:00,0.02276923076923077
2016-02-19 20:00:00,0.018846153846153842
2016-02-19 21:00:00,0.013384615384615385
2016-02-19 22:00:00,0.007750000000000001
2016-02-19 23:00:00,0.004545454545454546
2016-02-20 00:00:00,0.005307692307692308
2016-02-20 01:00:00,0.004615384615384616
2016-02-20 02:00:00,0.004076923076923077
2016-02-20 03:00:00,0.0064
2016-02-20 04:00:00,0.005
2016-02-20 05:00:00,0.004384615384615385
2016-02-20 06:00:00,0.0033846153846153857
2016-02-20 07:00:00,0.004461538461538461
2016-02-20 08:00:00,0.010692307692307694
2016-02-20 09:00:00,0.01707692307692308
2016-02-20 10:00:00,0.026769230769230774
2016-02-20 11:00:00,0.036076923076923076
2016-02-20 12:00:00,0.04253846153846153
2016-02-20 13:00:00,0.046384615384615385
2016-02-20 14:00:00,0.048
2016-02-20 15:00:00,0.048615384615384616
2016-02-20 16:00:00,0.04538461538461539
2016-02-20 17:00:00,0.04053846153846153
2016-02-20 18:00:00,0.03130769230769231
2016-02-20 19:00:00,0.02338461538461539
2016-02-20 20:00:00,0.016307692307692308
2016-02-20 21:00:00,0.009846153846153846
2016-02-20 22:00:00,0.006083333333333333
2016-02-20 23:00:00,0.004272727272727273
2016-02-21 00:00:00,0.004384615384615384
2016-02-21 01:00:00,0.004538461538461539
2016-02-21 02:00:00,0.004
2016-02-21 03:00:00,0.006142857142857143
2016-02-21 04:00:00,0.0075
2016-02-21 05:00:00,0.005076923076923078
2016-02-21 06:00:00,0.005076923076923078
2016-02-21 07:00:00,0.006923076923076922
2016-02-21 08:00:00,0.015923076923076922
2016-02-21 09:00:00,0.024153846153846158
2016-02-21 10:00:00,0.033538461538461545
2016-02-21 11:00:00,0.04376923076923077
2016-02-21 12:00:00,0.050769230769230775
2016-02-21 13:00:00,0.056307692307692316
2016-02-21 14:00:00,0.05776923076923079
2016-02-21 15:00:00,0.05569230769230771
2016-02-21 16:00:00,0.049769230769230774
2016-02-21 17:00:00,0.04284615384615384
2016-02-21 18:00:00,0.03461538461538461
2016-02-21 19:00:00,0.02692307692307693
2016-02-21 20:00:00,0.017461538461538466
2016-02-21 21:00:00,0.013615384615384616
2016-02-21 22:00:00,0.009583333333333334
2016-02-21 23:00:00,0.010666666666666666
2016-02-22 00:00:00,0.011846153846153848
2016-02-22 01:00:00,0.010923076923076924
2016-02-22 02:00:00,0.010076923076923077
2016-02-22 03:00:00,0.013
2016-02-22 04:00:00,0.024
2016-02-22 05:00:00,0.009153846153846155
2016-02-22 06:00:00,0.008076923076923077
2016-02-22 07:00:00,0.009461538461538464
2016-02-22 08:00:00,0.016846153846153848
2016-02-22 09:00:00,0.02376923076923077
2016-02-22 10:00:00,0.03323076923076924
2016-02-22 11:00:00,0.040692307692307694
2016-02-22 12:00:00,0.043769230769230776
2016-02-22 13:00:00,0.04669230769230769
2016-02-22 14:00:00,0.048846153846153845
2016-02-22 15:00:00,0.05023076923076924
2016-02-22 16:00:00,0.04692307692307692
2016-02-22 17:00:00,0.03669230769230769
2016-02-22 18:00:00,0.029076923076923077
2016-02-22 19:00:00,0.02592307692307692
2016-02-22 20:00:00,0.02423076923076923
2016-02-22 21:00:00,0.02476923076923077
2016-02-22 22:00:00,0.022500000000000003
2016-02-22 23:00:00,0.02075
2016-02-23 00:00:00,0.02107692307692308
2016-02-23 01:00:00,0.019769230769230768
2016-02-23 02:00:00,0.019615384615384614
2016-02-23 03:00:00,0.024
2016-02-23 04:00:00,0.012
2016-02-23 05:00:00,0.009307692307692307
2016-02-23 06:00:00,0.0051538461538461556
2016-02-23 07:00:00,0.007923076923076925
2016-02-23 08:00:00,0.014923076923076924
2016-02-23 09:00:00,0.025249999999999998
2016-02-23 10:00:00,0.03225
2016-02-23 11:00:00,0.03766666666666667
2016-02-23 12:00:00,0.04349999999999999
2016-02-23 13:00:00,0.04766666666666667
2016-02-23 14:00:00,0.049727272727272724
2016-02-23 15:00:00,0.04691666666666667
2016-02-23 16:00:00,0.043750000000000004
2016-02-23 17:00:00,0.03523076923076923
2016-02-23 18:00:00,0.026076923076923077
2016-02-23 19:00:00,0.020923076923076926
2016-02-23 20:00:00,0.020846153846153848
2016-02-23 21:00:00,0.019769230769230768
2016-02-23 22:00:00,0.022333333333333334
2016-02-23 23:00:00,0.02075
2016-02-24 00:00:00,0.022583333333333334
2016-02-24 01:00:00,0.020923076923076926
2016-02-24 02:00:00,0.021076923076923073
2016-02-24 03:00:00,0.019875000000000004
2016-02-24 04:00:00,0.011
2016-02-24 05:00:00,0.014000000000000002
2016-02-24 06:00:00,0.01176923076923077
2016-02-24 07:00:00,0.014666666666666668
2016-02-24 08:00:00,0.021999999999999995
2016-02-24 09:00:00,0.02958333333333334
2016-02-24 10:00:00,0.035833333333333335
2016-02-24 11:00:00,0.041
2016-02-24 12:00:00,0.046615384615384614
2016-02-24 13:00:00,0.05000000000000001
2016-02-24 14:00:00,0.05153846153846155
2016-02-24 15:00:00,0.05269230769230769
2016-02-24 16:00:00,0.051000000000000004
2016-02-24 17:00:00,0.044076923076923076
2016-02-24 18:00:00,0.036769230769230776
2016-02-24 19:00:00,0.02923076923076923
2016-02-24 20:00:00,0.02246153846153846
2016-02-24 21:00:00,0.020846153846153848
2016-02-24 22:00:00,0.016916666666666667
2016-02-24 23:00:00,0.012166666666666668
2016-02-25 00:00:00,0.011153846153846155
2016-02-25 01:00:00,0.011384615384615385
2016-02-25 02:00:00,0.012846153846153844
2016-02-25 03:00:00,0.010125
2016-02-25 04:00:00,0.015000000000000001
2016-02-25 05:00:00,0.011923076923076923
2016-02-25 06:00:00,0.011230769230769232
2016-02-25 07:00:00,0.011923076923076925
2016-02-25 08:00:00,0.017461538461538462
2016-02-25 09:00:00,0.026307692307692313
2016-02-25 10:00:00,0.035
2016-02-25 11:00:00,0.04184615384615384
2016-02-25 12:00:00,0.04758333333333334
2016-02-25 13:00:00,0.04930769230769231
2016-02-25 14:00:00,0.0506923076923077
2016-02-25 15:00:00,0.0496923076923077
2016-02-25 16:00:00,0.04876923076923078
2016-02-25 17:00:00,0.04169230769230769
2016-02-25 18:00:00,0.030000000000000002
2016-02-25 19:00:00,0.02484615384615385
2016-02-25 20:00:00,0.016692307692307697
2016-02-25 21:00:00,0.008076923076923077
2016-02-25 22:00:00,0.00725
2016-02-25 23:00:00,0.00725
2016-02-26 00:00:00,0.006538461538461538
2016-02-26 01:00:00,0.006692307692307692
2016-02-26 02:00:00,0.009153846153846155
2016-02-26 03:00:00,0.009666666666666667
2016-02-26 04:00:00,0.008
2016-02-26 05:00:00,0.005769230769230769
2016-02-26 06:00:00,0.0052307692307692315
2016-02-26 07:00:00,0.005615384615384616
2016-02-26 08:00:00,0.010153846153846154
2016-02-26 09:00:00,0.016166666666666666
2016-02-26 10:00:00,0.027500000000000007
2016-02-26 11:00:00,0.034249999999999996
2016-02-26 12:00:00,0.041666666666666664
2016-02-26 13:00:00,0.05115384615384617
2016-02-26 14:00:00,0.05469230769230771
2016-02-26 15:00:00,0.05523076923076924
2016-02-26 16:00:00,0.052923076923076934
2016-02-26 17:00:00,0.044846153846153855
2016-02-26 18:00:00,0.03646153846153846
2016-02-26 19:00:00,0.03023076923076923
2016-02-26 20:00:00,0.024461538461538465
2016-02-26 21:00:00,0.016846153846153848
2016-02-26 22:00:00,0.008583333333333333
2016-02-26 23:00:00,0.0095
2016-02-27 00:00:00,0.011076923076923078
2016-02-27 01:00:00,0.009615384615384618
2016-02-27 02:00:00,0.008384615384615386
2016-02-27 03:00:00,0.011375000000000001
2016-02-27 04:00:00,0.043
2016-02-27 05:00:00,0.010615384615384617
2016-02-27 06:00:00,0.010461538461538463
2016-02-27 07:00:00,0.012384615384615386
2016-02-27 08:00:00,0.018615384615384617
2016-02-27 09:00:00,0.025461538461538466
2016-02-27 10:00:00,0.03553846153846153
2016-02-27 11:00:00,0.046076923076923085
2016-02-27 12:00:00,0.05353846153846154
2016-02-27 13:00:00,0.058692307692307696
2016-02-27 14:00:00,0.062230769230769235
2016-02-27 15:00:00,0.060615384615384627
2016-02-27 16:00:00,0.05715384615384617
2016-02-27 17:00:00,0.0486923076923077
2016-02-27 18:00:00,0.039
2016-02-27 19:00:00,0.033615384615384616
2016-02-27 20:00:00,0.02715384615384616
2016-02-27 21:00:00,0.020153846153846154
2016-02-27 22:00:00,0.013833333333333335
2016-02-27 23:00:00,0.010000000000000002
2016-02-28 00:00:00,0.011461538461538464
2016-02-28 01:00:00,0.01053846153846154
2016-02-28 02:00:00,0.011000000000000003
2016-02-28 03:00:00,0.015
2016-02-28 04:00:00,0.039
2016-02-28 05:00:00,0.012615384615384615
2016-02-28 06:00:00,0.011615384615384614
2016-02-28 07:00:00,0.011846153846153847
2016-02-28 08:00:00,0.016384615384615383
2016-02-28 09:00:00,0.02330769230769231
2016-02-28 10:00:00,0.03292307692307692
2016-02-28 11:00:00,0.045538461538461535
2016-02-28 12:00:00,0.05792307692307694
2016-02-28 13:00:00,0.06684615384615386
2016-02-28 14:00:00,0.06984615384615385
2016-02-28 15:00:00,0.06600000000000002
2016-02-28 16:00:00,0.06000000000000002
2016-02-28 17:00:00,0.049923076923076924
2016-02-28 18:00:00,0.04192307692307692
2016-02-28 19:00:00,0.034923076923076925
2016-02-28 20:00:00,0.02869230769230769
2016-02-28 21:00:00,0.024769230769230773
2016-02-28 22:00:00,0.02041666666666667
2016-02-28 23:00:00,0.016166666666666666
